currentLocation,occorrenze
POINT (413.840000705876 1194.128694228948),46
POINT (36.324178793607146 1263.1211858073589),2
POINT (-4002.9335312988205 6671.996711133368),77
POINT (-3791.92419982348 6352.972987401749),1
POINT (-3136.1278958093117 6671.917461867151),209
POINT (-2749.5557431284524 6642.233746983073),12
POINT (-2612.2843755981316 6482.785001276145),1
POINT (698.2411158717262 4392.416668183332),123
POINT (440.77629266280564 4341.806688262852),1
POINT (1407.7107695149243 4010.4574815269225),130
POINT (1341.6102061350086 4482.37795642228),7
POINT (1367.9266119846243 4855.283897597215),2
POINT (958.92712940502 4425.060536987922),4
POINT (917.2965590639861 4305.6452297830165),1
POINT (216.88717701053875 1095.693585701924),1
POINT (1350.3911517156644 3643.7508305016736),7
POINT (1441.908973794611 3293.3450424001876),3
POINT (1795.1297501295278 3238.4053705049837),1
POINT (497.9967937001494 1624.515148185587),80
POINT (21.75570206567331 1659.4249457825504),46
POINT (-397.09115213460416 1661.086640136248),32
POINT (-883.650163839613 1563.1820416780627),1
POINT (-820.9290279479601 4497.243308530136),129
POINT (-485.3628417410773 4408.495089625616),71
POINT (-452.16093775275687 3989.9925773844875),63
POINT (-224.2745365297694 3885.2592446655667),1
POINT (631.5130723031391 2001.4772026036535),22
POINT (834.9166212134627 2172.3595144724727),1
POINT (821.0825013542806 2154.462745367603),2
POINT (930.4149642879935 4060.0495537933452),27
POINT (963.0688553989378 3977.970071818367),1
POINT (229.7696775681375 1082.0137772610378),1
POINT (-1771.452216635636 4343.580176583138),48
POINT (-1769.6225008364377 4568.788190084154),1
POINT (-508.12691044634744 6307.584421447018),15
POINT (-497.3677634959754 6363.886889857202),1
POINT (-3710.6497239820555 6560.460342259548),1
POINT (604.4333856450602 4151.421139320504),14
POINT (618.6701169170694 3734.1107552804774),14
POINT (656.2536542797567 3601.6114125171284),1
POINT (1523.799196451084 4009.941627609541),1
POINT (1591.8298888318336 4013.7639158217444),1
POINT (-3927.9102395808727 5494.63962663673),155
POINT (-3794.8445326652495 5762.641663843371),17
POINT (-3916.0953360485632 5960.891116793708),1
POINT (-1176.8013302032396 5846.6471242364805),65
POINT (-1502.1499471205514 5797.893279166081),18
POINT (-1675.0510095550928 5609.338507213533),1
POINT (992.0250197535568 4095.370986469501),1
POINT (-2126.1723943111892 4285.182228265561),58
POINT (-1997.4825405645267 4173.8585192745295),1
POINT (1145.055027682096 3828.2363613621983),8
POINT (1160.3569836610059 3677.158239953999),1
POINT (1499.0138236678185 4011.478496900578),1
POINT (967.0062336801503 3981.340927609539),1
POINT (597.7592731798527 3631.8598904012224),2
POINT (803.8794909700774 4107.0117745652105),1
POINT (1638.0187036572258 4230.17519528173),1
POINT (-1623.0740591441258 3872.0300113645017),148
POINT (-1701.0641986732053 3854.4454669136358),1
POINT (-1288.973858577208 3711.692127221675),40
POINT (-904.3387634014261 3680.4092367064686),32
POINT (-499.95314374688047 3540.541014714646),1
POINT (1752.6841536194854 4025.7632729998827),1
POINT (420.58595287626724 1034.231407601525),1
POINT (653.0249310096121 1045.6277551766495),12
POINT (778.0277764165714 933.6360054015785),1
POINT (-91.00307736962901 1524.2056166913846),1
POINT (-1989.63526350385 3368.764837974986),56
POINT (-2210.72614767538 3467.339297847116),1
POINT (-3182.885940731813 7167.608699410916),37
POINT (-3209.9368537493483 7171.529637146424),1
POINT (292.6318810639643 1738.7113467054796),1
POINT (1113.2679418498767 3716.721657209351),1
POINT (-3105.976029630407 6248.2598028299335),24
POINT (-3078.0756481397043 6285.456073404301),1
POINT (-220.69440245253037 3750.5003986249194),10
POINT (-181.82627500051785 3684.6428683961435),1
POINT (-3529.558386975454 4809.641127666926),18
POINT (-3578.0803339737495 4896.838923124657),1
POINT (996.4748879370167 4101.198251919474),1
POINT (514.9339139852839 1385.362675233428),1
POINT (-1221.4051100732 4941.00338419236),43
POINT (-817.6310988867782 5039.5618199686605),2
POINT (-3830.1251663257863 5503.804391877705),1
POINT (1751.6446208675727 4087.792675610414),9
POINT (1667.4247864761464 4236.02842303846),1
POINT (1759.090486729114 4008.9871413653063),1
POINT (-870.7563568970724 5575.685938302714),18
POINT (-732.6475689091794 5422.305564115489),2
POINT (-3522.074467821355 6663.545600635845),24
POINT (-3469.3518940418007 6842.73477296929),1
POINT (708.6355197738827 2001.271402474011),1
POINT (592.6865615487636 626.0149920329762),1
POINT (702.3345224456589 4410.392534555216),1
POINT (-3738.6287116642584 6730.676079805594),5
POINT (-3685.050945556353 6800.57818178281),2
POINT (802.6432613172313 1270.237768185861),1
POINT (401.00364888735993 4632.191656083583),66
POINT (53.71315310962717 4727.81027677455),56
POINT (-230.4186780140786 4884.415495659691),46
POINT (-247.43558410299536 5026.515657023061),1
POINT (-883.593300715607 1541.1523578040474),1
POINT (-224.21767340576338 3863.2295607915516),1
POINT (-3827.2457522625414 5494.96128560201),2
POINT (749.3658990709515 1751.7548584668007),1
POINT (835.124325461093 2171.4209896265206),1
POINT (775.596551573813 940.5258849582337),1
POINT (920.2330694532365 2092.9979456647757),1
POINT (-257.34341765448846 5016.253711943527),1
POINT (-3729.5498572375923 6562.798360023129),1
POINT (-3800.791666417615 6371.303084504356),1
POINT (891.3689194539413 4222.3434401386785),1
POINT (765.5361313973874 926.0398294935233),1
POINT (-811.824901059456 1602.2205955346656),19
POINT (-1354.7760018008055 1603.9169920437566),1
POINT (1769.403996939719 4069.050012911854),22
POINT (2037.2827034946054 4147.035074726804),2
POINT (859.77069892671 971.0679533787439),1
POINT (2187.366673077496 4092.503681482765),15
POINT (2203.6747213035105 4486.73430093518),12
POINT (2163.0709629213466 4903.515205351129),5
POINT (2205.7400940450148 5216.3176837740175),1
POINT (-1974.2151185449436 4034.4896242613513),1
POINT (-1708.53300418358 3867.277390505847),1
POINT (-1506.5811840261297 4244.544072812886),1
POINT (-3802.796709409165 6354.202201481447),1
POINT (799.5367819042242 4115.728291873062),1
POINT (-903.9851200898735 1585.1394786781782),1
POINT (1809.0221955005843 4353.543910083794),1
POINT (1493.9115734394481 4027.657310634188),2
POINT (951.3399254426391 3989.0233583756503),1
POINT (-1229.208372616523 1579.6575513518549),7
POINT (-1687.9610980714185 1635.5719434169594),1
POINT (-895.2569930881962 1548.3743520027913),1
POINT (-382.9604832146591 1674.1342220884114),1
POINT (-496.78679320129623 1847.4222323734825),1
POINT (63.43081776575146 1384.251791281545),5
POINT (-93.29092385614096 1418.676971527719),1
POINT (-893.8321909221762 1338.1707972613203),1
POINT (-1011.1007975934829 1342.738828543158),1
POINT (862.3838503250334 4403.482976251685),1
POINT (2141.200934662937 5297.303006794203),1
POINT (1743.037507219923 5258.894946703521),1
POINT (-1168.359774420459 1524.0469195318165),2
POINT (-1296.7686878848117 1215.8689091608553),2
POINT (-1441.0634421695918 934.8224057505075),2
POINT (-1473.590901147153 877.1033836945335),1
POINT (398.7335757496285 1034.209755081372),1
POINT (437.6518999634884 4326.142300989137),1
POINT (2031.711586087642 4144.26661051721),1
POINT (1525.8068289751614 4031.119648379075),1
POINT (-2168.6823191398194 3214.1997724766597),21
POINT (-2388.3371377233902 2956.291327983998),2
POINT (646.5072927151671 2376.165197219661),7
POINT (600.8273213901347 2546.9382985598104),2
POINT (-607.1623593614866 5383.159695230111),6
POINT (-269.4213713390231 5296.564017994406),2
POINT (1.9755335623945705 5341.431450701076),1
POINT (-339.546897736237 1796.0387829811268),1
POINT (1007.7528316733599 4474.998585922508),1
POINT (640.3918081678397 1731.8929460381073),2
POINT (-891.636374764345 1544.823001044293),1
POINT (-2035.6466821373426 4747.380166356886),18
POINT (-2171.8332217776797 5056.986837043644),4
POINT (-2376.548771362833 5212.036957888324),1
POINT (-1689.8280452582974 4247.65257499782),1
POINT (-255.97621238132888 5012.052152537244),1
POINT (-77.47564616657357 1408.9788278552737),1
POINT (667.9662740932497 3611.7187084454636),1
POINT (510.48587067778806 1372.2821310932004),1
POINT (-3255.641621427146 6240.453417100578),23
POINT (-3597.406517246464 6181.991499047801),2
POINT (906.1805836482198 4233.265845525495),1
POINT (-1644.3741734145933 1589.334317315271),3
POINT (-1598.6610330824462 2000.1089055325706),2
POINT (-1947.9008938556433 2093.9206315099636),1
POINT (1211.775524482336 4017.058731753456),2
POINT (-90.08031517165666 1431.9778294915325),1
POINT (693.8821954166855 1439.2405932071292),4
POINT (879.4367101326411 1366.4044166277695),1
POINT (1018.0347795444529 4470.350261716517),1
POINT (-801.3445393291443 4263.066341027921),5
POINT (-616.2813077277038 4277.798884829055),2
POINT (-1530.1436272625951 3805.873238981324),1
POINT (-1789.2647793748567 4562.41538296383),1
POINT (-252.11946297449293 5017.962202626939),1
POINT (1634.6997407279878 4218.000804286308),1
POINT (879.9069369894579 4332.701227473271),1
POINT (-224.60266415146305 3888.9601270247504),1
POINT (1793.6070630120769 3456.5396868773805),1
POINT (413.8400007058759 1194.128694228948),2
POINT (233.5502362928224 1106.2325777315136),1
POINT (2037.5840188812192 4898.759127722423),1
POINT (909.9536976221101 2105.7628662602465),1
POINT (242.84118031440676 1108.8269385105305),2
POINT (-82.04638993319847 1427.076610956435),1
POINT (1798.4900331418878 4353.168569814986),1
POINT (865.8885173220591 1372.5403243704602),1
POINT (981.3131061739662 4095.718822273867),2
POINT (-2142.5907806238124 5086.057396669721),7
POINT (-2232.715388753554 5286.040936766068),1
POINT (-1766.0209785751254 4396.854420647804),1
POINT (-4010.448171626687 5145.85654860726),18
POINT (-4296.957747709195 5035.8057787267035),11
POINT (-4556.270272910209 4833.550952708535),5
POINT (-4605.514637748675 4638.831136460961),2
POINT (-3764.3732853819874 6438.648509947896),11
POINT (-3725.234686961527 6350.13142257376),1
POINT (747.5840024139869 1408.279746934849),1
POINT (199.64327292302633 4876.269831814872),3
POINT (338.54791328924017 5069.755864313634),1
POINT (2131.6062199057487 4815.375953304995),1
POINT (2137.371309216862 4825.208299083863),1
POINT (972.8101161760133 3987.4503064331147),1
POINT (668.5791182362665 3528.178158870665),1
POINT (-824.3849898824658 4304.63563269025),2
POINT (-3694.065747056477 6550.581519413038),1
POINT (-4162.3963644024125 5381.004949588862),1
POINT (-2639.6767056678714 3068.6493948638636),1
POINT (479.2189821955424 887.8817642582709),2
POINT (611.4143532764043 790.8138726813173),1
POINT (1804.0225637327742 4337.051648475064),1
POINT (-910.0901415823956 1333.829870380902),1
POINT (586.0374233700562 3634.0299995813007),1
POINT (416.4880705494022 1037.2205142459288),1
POINT (-256.95548088048184 5030.190715903868),1
POINT (1707.054412521753 3353.9564355132256),1
POINT (279.30685380543684 1715.6921266839192),1
POINT (-3018.2684834935703 5921.695311814386),10
POINT (-3160.168487950854 5917.018386765433),1
POINT (879.4130457928632 4325.416517352433),1
POINT (926.7631461210617 4556.802589624075),1
POINT (-3559.4744254358993 6720.250989852063),1
POINT (653.2787421488846 1747.9489292825585),1
POINT (1812.7463196557856 4342.61510834339),1
POINT (668.7635661265443 1576.3515644285944),1
POINT (-232.20279940593934 3879.8142122336153),1
POINT (870.996844777119 1360.3046951984286),1
POINT (-3694.760016712868 5088.690844467957),1
POINT (-1176.6989055164295 4726.117600229471),23
POINT (-924.9533367356287 4839.526896876605),1
POINT (-642.0163782953357 4839.943951261402),6
POINT (-466.48598273493786 4769.625656121329),1
POINT (-1533.1121497124457 3819.9146818840154),1
POINT (-1710.6926441003545 3870.120282618125),1
POINT (-220.903527022639 5249.64901309842),1
POINT (781.2482650933101 1227.9835897955506),5
POINT (1259.979334089288 1241.7735805503803),1
POINT (807.6627593596486 4099.63485470007),2
POINT (1533.3260619203056 4014.6422746462354),1
POINT (957.08136574393 3985.3300882308586),1
POINT (-89.31356174402559 1416.8040939440418),1
POINT (1163.561875904216 3670.6208110265434),1
POINT (858.0296036168611 1611.9662994090054),1
POINT (1164.0738962286796 1544.2252567547262),1
POINT (-238.5650562824314 3868.714381294828),1
POINT (706.4975828465831 4421.162330200467),1
POINT (-222.79894514934398 3879.895677379406),1
POINT (792.7434163845141 1271.714895095455),1
POINT (-1664.929628664937 4198.520312813763),1
POINT (1361.4132035746 4869.487329360185),1
POINT (949.453576191768 3999.744544098391),1
POINT (818.3278822815116 2154.1644392689086),1
POINT (1529.8829521152975 4010.9154389605637),1
POINT (873.4643705475888 4381.558004261778),1
POINT (-3470.236574785854 5445.70168730304),23
POINT (-3325.02915892442 5302.686354860405),2
POINT (730.8252878046293 4425.9254439298975),2
POINT (922.2736367441072 4285.917650592759),2
POINT (-509.4004737590944 3609.3273432808937),1
POINT (601.4660810771826 2558.2242239947163),1
POINT (-379.1399925988855 5265.167361171224),1
POINT (1111.3653007378014 3861.7329495084696),6
POINT (964.0399558996025 3807.098540953264),1
POINT (1316.6371548098095 3289.3702705573814),2
POINT (1173.3309459111763 3158.686042666584),1
POINT (666.9314139956567 3538.6573715625846),1
POINT (-3512.507393249618 5633.141004713705),4
POINT (-3545.5254741490576 5584.080428681164),1
POINT (-259.97991172610034 5029.2565574027285),1
POINT (904.4466687905121 4223.847291101175),1
POINT (-2332.6555964714366 2948.850510439885),1
POINT (-492.2637881399067 3562.18412452455),1
POINT (-622.5463414546522 5159.840414637389),1
POINT (-917.4314544628794 1571.7302484328704),1
POINT (-1664.7546282477358 1636.496197291979),1
POINT (2122.474621682058 4834.372215980157),1
POINT (1198.8715518205947 1209.2954667218823),1
POINT (1259.4008655578116 1350.5550501603684),1
POINT (-658.3065800043911 3643.113855150418),1
POINT (808.5912517729716 764.4935636859797),3
POINT (795.3027355381611 415.55936820390906),1
POINT (1481.5136466940498 4030.699788444849),1
POINT (-469.0733128028474 4853.0668824872155),1
POINT (1071.7663972500707 643.2237663609594),1
POINT (33.6672240334118 1254.5552718204597),1
POINT (-1485.079631677474 5246.9437754904775),20
POINT (-1904.3112044644213 5258.686468832987),9
POINT (-2159.8831080408672 5261.209445822632),1
POINT (-3299.3334371651517 6198.751974891041),1
POINT (814.1704270244209 4104.297568262416),1
POINT (872.3128556502196 375.1668223044305),1
POINT (1193.7334301302428 565.8920365732027),1
POINT (2635.8172883286657 4060.6557005788763),1
POINT (-220.4954544276312 3871.0245878720975),1
POINT (-849.8228953098616 4586.741088101403),1
POINT (842.3872615968534 2169.263269718156),1
POINT (652.2768381043073 3617.611317444375),1
POINT (979.2692435116634 4004.632549896553),1
POINT (497.99679370014945 1624.515148185587),1
POINT (892.1098778783794 1371.573256703271),1
POINT (882.5382422425587 4387.583995814686),1
POINT (599.564363466137 3627.3900277195653),1
POINT (1801.8472588072132 4332.921542240564),1
POINT (746.0658366878414 1387.7991789818198),1
POINT (-1984.9886906891024 4669.5233911107425),1
POINT (-3691.128910913736 6534.101882787583),1
POINT (912.6931972664519 2104.1395036050094),1
POINT (-1942.6730411445426 1980.7509407987293),1
POINT (-95.94365413835277 1511.0056248351607),1
POINT (1316.0728786715365 3227.6859640235043),1
POINT (810.9268205768844 4191.007488813335),1
POINT (444.4690259114103 4339.368686524556),1
POINT (403.1495848862235 1039.0698968230122),1
POINT (2190.2571300891805 5300.1883035933415),1
POINT (2414.336435689438 5379.863523612927),1
POINT (672.282190162093 1593.6046208989999),1
POINT (305.2195659070266 1021.4359954249875),2
POINT (-214.3899821737698 3882.5697563472454),1
POINT (-174.39827933640387 1616.354671301628),1
POINT (1162.0017554153767 4296.663810885262),5
POINT (1123.8877850301797 4391.590023029645),1
POINT (1632.7879721294803 4219.229827212452),2
POINT (-3458.783208592403 6755.439893126464),2
POINT (1484.932259626414 4029.7950543491843),1
POINT (-3829.6416522058457 5807.499331301993),1
POINT (-216.41749932154758 3883.556451022049),1
POINT (679.902227323963 1589.9770996065429),1
POINT (-792.7216062362415 4950.774796128136),1
POINT (1308.0915448803137 4741.777586786875),1
POINT (1384.297663818654 4827.6372093189275),1
POINT (-3330.232882593273 5319.805979575694),1
POINT (276.93388958512855 1725.7239236242585),2
POINT (39.906683627062975 1273.7506248395198),1
POINT (-260.14955811919856 5040.127207189135),1
POINT (-2378.7320101660416 5188.153094420233),1
POINT (1508.409251855163 4027.5026640035085),1
POINT (-633.4680984965175 5351.997159696897),1
POINT (-3289.253501466891 6151.746931887733),2
POINT (452.1001385838099 4332.363132641688),2
POINT (1267.1464684951388 3622.504787056491),1
POINT (1098.8444415655485 3732.9374787574848),1
POINT (-3486.4402458160125 6857.507678297317),2
POINT (1176.658806957914 3153.5278367726637),1
POINT (-3201.8201569092835 6639.226241528231),2
POINT (-849.9599201664371 5836.984949240042),1
POINT (1498.4522804234002 4291.027758691908),1
POINT (-899.3975193281615 1335.5535732264411),1
POINT (-840.0744762437234 1636.8373984737436),1
POINT (-171.02151122458727 3701.663542604163),1
POINT (-3822.9999694163034 5795.697485231623),1
POINT (-249.76391135751751 5017.447226261519),1
POINT (613.7912253910998 2558.4235647890227),2
POINT (-882.0719474960018 1561.907626647738),1
POINT (-257.23280407252673 5032.0819361884905),1
POINT (609.3969354890081 2564.8890112413414),1
POINT (2256.8967537035414 5347.655739103048),1
POINT (2.8391186517051965 3588.484886387918),1
POINT (973.0939238039209 3997.8834268437627),1
POINT (-426.6644812473655 1697.7513675583173),1
POINT (-338.4023674370211 1805.7096440107969),1
POINT (-3980.725491718588 5147.767477516182),2
POINT (1259.3938123778416 1238.4213983032475),1
POINT (864.3272328299572 4400.678607732128),1
POINT (-2107.823358369064 4174.493822869099),1
POINT (-508.1269104463474 6307.584421447018),4
POINT (-652.2989231811795 5916.2368085762),1
POINT (-338.43078247684366 3674.5050481085345),2
POINT (1003.1303538975653 3752.554523883452),1
POINT (438.26196264155914 4337.48769555031),1
POINT (1116.9255625243895 3731.0744138682417),1
POINT (753.7054838360351 1400.1424701599562),2
POINT (658.7356297698551 3625.4880792356084),1
POINT (645.9789773385069 1753.2932585345086),1
POINT (2215.392449903611 4769.681157920286),1
POINT (682.986873639177 1595.2912148661912),1
POINT (-2200.4730848013824 3569.274535567757),2
POINT (-243.39323064860187 4854.470312161508),2
POINT (27.64877692111972 1249.5804403259986),1
POINT (200.30530797883364 1293.7754727507527),1
POINT (980.4293816131983 4103.072044148652),1
POINT (759.5302269648053 934.7400698111055),1
POINT (776.3266317400947 919.7070376524056),1
POINT (-4131.41409222454 7236.525633225643),23
POINT (-4011.9094534097976 6936.734607713942),1
POINT (765.433488668168 1388.077755807866),1
POINT (-3223.6639137313823 6518.139965841427),1
POINT (-329.0615540284306 1804.9486797816649),1
POINT (-260.6284224432597 5035.991572241141),1
POINT (906.1593515864085 4220.3953080735155),1
POINT (-1920.3754901838015 5827.032460450769),13
POINT (-2339.614231441085 5841.033358455267),5
POINT (-2498.673912962637 5872.781529782046),1
POINT (407.027946131314 1044.501645679795),1
POINT (-3130.2920427100516 6615.512803600318),1
POINT (-1777.62462494204 4572.214904226945),1
POINT (-3960.038750009148 5509.0579276542885),1
POINT (495.1307639045389 1677.0516579361977),1
POINT (-261.5743635173499 5017.050012488865),1
POINT (951.0726200203512 3977.160087341467),1
POINT (1260.0690060852146 1238.4867087839907),1
POINT (972.4868300391977 3995.1135325315413),1
POINT (-3691.803160529988 6543.728740831151),1
POINT (-1680.1149255436424 4154.285491043946),1
POINT (982.3038963141515 3795.1283605168337),1
POINT (1491.2459124310647 4293.504057864491),1
POINT (1311.5125194359287 3615.960574934571),1
POINT (991.1818964994535 3757.957591507355),1
POINT (1112.2671876159025 4382.40941910014),1
POINT (413.84000070587604 1194.128694228948),1
POINT (760.1532231729477 936.4426136668365),1
POINT (858.6274291297271 4394.198158029892),1
POINT (-1916.241433391369 4547.62526295998),1
POINT (980.6244872604117 3814.4871485429453),1
POINT (1195.8718307906815 3252.6025739598585),1
POINT (2028.178073712494 4131.9653970405425),1
POINT (596.5211264873325 3637.7003609876015),2
POINT (-807.5425899417532 5031.749960541488),1
POINT (-1527.8879063648026 3805.005074671673),1
POINT (-989.9836591517037 4767.738732749396),1
POINT (-1533.2191424372613 3808.632381593087),1
POINT (-1333.8139986717683 5997.686270344027),10
POINT (-1662.166147963861 6058.983160804273),1
POINT (-256.6029739968756 5015.586501883844),1
POINT (-2148.9164297324896 5268.722815540493),1
POINT (-1609.2459992660865 3893.4265814975274),1
POINT (-826.8572710902813 4584.822098243998),1
POINT (-2205.4130809218723 3251.8479905150257),1
POINT (-2454.4104899151394 3274.2213479716106),1
POINT (-1599.0359314856662 3884.9640620857713),1
POINT (-2192.928971952797 3326.253336527831),1
POINT (-1715.3952628056852 3867.360715227751),1
POINT (-2119.9230134076465 4185.945163885815),1
POINT (-4153.907771436503 5374.148073670765),1
POINT (-1894.6500110842692 4569.947084620179),1
POINT (-510.8881710801153 3552.4345250851643),1
POINT (-1530.540665326246 3822.2130280151673),1
POINT (-1095.5722462905467 4462.763880377271),1
POINT (-1207.7108212473022 3296.111075116708),3
POINT (-523.202611806078 4283.766914120595),1
POINT (-834.2388681565985 4301.61443479639),1
POINT (-3212.8260102861404 6476.236195473602),1
POINT (-3811.2688719233606 5764.801370645244),1
POINT (-1239.982634682312 3726.8694245376755),1
POINT (-1962.8376431459897 3017.7310863016846),16
POINT (-2084.312518818034 2681.223250769075),9
POINT (-2244.217122643896 2601.050051653636),1
POINT (-2373.5816603264843 2428.9526870926775),1
POINT (-660.8484626160009 5923.342653718427),2
POINT (-1903.8469506073584 4551.254386136067),1
POINT (-1703.115596283125 3866.951281068186),1
POINT (-1731.0590081740318 5936.531004380664),1
POINT (-1892.402340104764 4568.334496754659),1
POINT (-1709.7515550269352 3864.726389418634),1
POINT (-1556.8168700925107 4495.025735383112),1
POINT (-2216.4554088866785 3465.5310393422133),1
POINT (-2328.6418085440787 2989.002553834056),1
POINT (-4017.4731070640764 5706.827349977358),1
POINT (-3126.7989989263674 6639.171361267038),1
POINT (-1517.5229136892553 3813.233940460665),1
POINT (-847.8140200502972 4591.732648201713),1
POINT (-822.6217126901255 4495.365101973749),1
POINT (-1963.6936887840238 2638.832333563137),4
POINT (-1561.1277720338785 2818.593814437167),2
POINT (-261.7053959607711 4983.452865722395),1
POINT (-1537.457604711176 3802.5238069186953),1
POINT (-2249.32660453348 5261.527697467356),1
POINT (-3827.296867237016 5134.0296984569895),2
POINT (-1596.8232540091576 3893.9090241146446),1
POINT (-799.735843335784 4703.134493080112),1
POINT (-699.8900233599659 4953.876104643513),1
POINT (-1890.3977519040084 4543.5773456705),2
POINT (-1892.1328908161784 4557.512585185291),1
POINT (-490.2904815656201 3559.3050279184204),1
POINT (-2420.112131895646 3002.029257821705),8
POINT (-2501.1221406845975 2593.95781698129),2
POINT (-2371.735618000414 2678.6944990825673),1
POINT (-1939.4337079430575 2778.587272628604),1
POINT (-1620.5171054345183 3876.498116804974),1
POINT (-832.225840829267 4760.307273820755),1
POINT (-3321.0973637636125 6197.96609513331),1
POINT (-562.1445582365948 4860.331840691551),1
POINT (-779.0117091984953 4927.795064334497),1
POINT (-3109.2537564846334 6631.325484368338),2
POINT (-239.69934104206732 3872.627973142186),1
POINT (-2212.5710839995795 4265.752858656865),1
POINT (-1522.1036582211982 4233.266190332797),5
POINT (-1402.505350533175 4294.940718332381),1
POINT (-214.85445827084783 3869.002152609501),1
POINT (-2319.3557715185393 2935.668911655811),1
POINT (-1019.3394581327045 5779.329602608217),1
POINT (-2116.466402535784 2650.9358943977804),1
POINT (-1683.6921810392057 4155.777656831658),1
POINT (-781.0697794912832 4864.854674434965),1
POINT (-1521.4034478345386 3816.4580970577945),1
POINT (-3965.1442025928286 5088.250825010104),1
POINT (-2002.5283978698928 3479.9804012261734),1
POINT (-1971.0095593248582 4029.677842367635),1
POINT (-2727.969895971715 6707.263458200837),1
POINT (-1603.714482128657 3880.2437660504715),1
POINT (-2325.3703705714456 2938.471744227436),1
POINT (-3294.083665873474 6143.970780957486),1
POINT (-772.036946496939 4856.3259923411615),1
POINT (-4440.967491126279 7506.096430807571),1
POINT (-3571.2748091829667 6101.943570288897),1
POINT (-1613.3702533381709 3901.1136146636186),1
POINT (-1990.5888943184327 4698.503167313164),1
POINT (-3568.8964890855636 4897.444757028357),1
POINT (-582.6413374886723 5937.712778665048),1
POINT (-1774.0206553099808 4372.395878383792),1
POINT (-359.1644280563882 3673.8157879277223),1
POINT (-2606.766460778658 6530.995225148885),1
POINT (-1978.418987244645 4261.092058094551),1
POINT (-290.7357805443783 5132.941399536528),1
POINT (-489.1216259366818 3605.714794007839),1
POINT (-1045.139261625109 3697.1814495576523),1
POINT (-1584.3960785111678 4255.118136178264),1
POINT (-3586.0787640156323 6783.456831898686),1
POINT (-778.1212962614677 4928.721309912412),1
POINT (-1605.5365344736695 3883.1623598209862),1
POINT (-1768.2223396593804 4382.908174243477),1
POINT (-1699.3079385778638 3862.146972174007),1
POINT (-1077.4561686985855 4351.708904817477),1
POINT (-738.4778269821436 4260.592537576571),1
POINT (-461.92030171178703 4086.9642618205125),1
POINT (-239.41638520864643 3888.411616071612),1
POINT (-1783.3813544443626 4561.099410527168),1
POINT (-3081.584653551925 6296.595251572465),1
POINT (-1673.0044960557586 4176.321520283467),1
POINT (-790.7203168839654 4934.389468213839),1
POINT (-2913.482979219468 6507.969437993004),1
POINT (-1394.3071753114707 4470.507897856502),1
POINT (-1693.0346454130965 3878.720656625491),1
POINT (-3195.943362938696 6549.140005018073),1
POINT (-1671.9221658970364 4177.139513718423),1
POINT (-492.7334391710493 3556.926353948849),1
POINT (-1662.2439520766068 4191.975918755231),1
POINT (-4158.119327793687 5366.141229999285),2
POINT (-3219.977258474419 6145.575869002828),1
POINT (-251.02327514713107 5023.624962313864),1
POINT (-3776.9388798511186 4996.9596102036285),1
POINT (-1025.5174396682794 5752.967329553626),1
POINT (-2195.364097391952 3585.812834382201),1
POINT (-221.00511104877802 3891.397218293213),1
POINT (-1913.4845958283247 5296.262946335616),1
POINT (-836.1774220014679 4569.071303107984),1
POINT (-2908.537954440332 6505.04066156279),1
POINT (-3737.727005504181 5175.387191323701),1
POINT (-4062.2168899575945 6653.602325797264),1
POINT (-2155.329909816524 5276.580486966911),2
POINT (-2724.6394523143267 6702.675402794028),1
POINT (-260.90888435982237 5011.176350106624),1
POINT (-2199.5506191558025 3568.229131186792),1
POINT (-500.6974067954011 3547.3324561211803),1
POINT (-1182.3184041259321 4381.445074319496),2
POINT (-3818.1356348708214 5759.809309675133),1
POINT (-1701.8458839647712 3850.9610025759735),1
POINT (-1683.8760526997783 3865.5550393620033),1
POINT (-1783.9202936066008 4574.651654561046),1
POINT (-1608.6082317780538 3889.330498959629),1
POINT (-1614.4566005146844 3872.648504220296),1
POINT (-1095.6790911952705 4441.978368201311),1
POINT (-3297.4593322976316 7166.5432994273315),1
POINT (-2248.5031082860805 2509.884528754595),1
POINT (-466.7525433239738 4850.105400744068),1
POINT (-1616.0308437451488 3873.061492769003),1
POINT (-1975.0903228468342 4286.519286476707),1
POINT (-170.1372211528143 3780.1081353999834),1
POINT (-2202.8511811413473 4282.734841663842),1
POINT (-1998.49506550216 3105.8198804754766),1
POINT (-1400.3649177739194 4291.477988858268),1
POINT (-1684.6807981084135 3881.5577189837027),2
POINT (-1583.243854920443 4166.579896096508),1
POINT (-4010.5674048039377 6637.638187872304),1
POINT (-1610.3163509389863 3887.4413818776015),1
POINT (-2197.313233548297 5125.756755695318),1
POINT (-1924.2159256906089 2768.603159629036),1
POINT (-1976.160911815195 4376.380404959961),1
POINT (-1518.8445801711848 4772.525155499775),1
POINT (-747.5853899765129 4940.724186675287),3
POINT (-694.4290377277791 5052.982730018421),1
POINT (-837.6155126607435 4309.903024802649),1
POINT (-2493.533941644164 5891.664877526956),1
POINT (-3981.0242888510484 5506.892823486331),1
POINT (-3912.8756215235353 5973.75088398537),1
POINT (-755.7873838319834 5435.464447726678),1
POINT (-1987.4378419166221 4378.16993294115),1
POINT (-1695.4417357219359 3869.0456197218173),1
POINT (-797.5159249109777 5045.584904857522),1
POINT (-1145.6130978747685 3858.943247054939),1
POINT (-1019.3107265764518 3818.682846192285),1
POINT (-1911.5699130833812 4546.306693310719),1
POINT (-1995.3163365660944 4689.923737222788),1
POINT (-2198.50130482011 3341.11134230169),1
POINT (245.52306268598971 4472.609531861491),6
POINT (-167.34878218797428 4501.395769324076),5
POINT (-259.99816538679755 4712.109239171674),1
POINT (-300.8551218637984 4131.569820813396),2
POINT (-133.96331158240096 3975.4914684609225),1
POINT (-3573.7895910976536 6099.567212000713),1
POINT (-829.1255898203589 4778.0827105527105),1
POINT (-3924.298165828161 5557.7347135368045),1
POINT (-2244.5214951445078 5118.578485647369),1
POINT (-2167.9524014382514 2537.002037730642),1
POINT (-1961.3458147809445 4251.288338176519),1
POINT (-1696.0577397834534 3862.5143607278765),1
POINT (-994.2928501958432 4744.807706756139),1
POINT (-1544.7384346356246 2662.7638336308696),2
POINT (-1143.7006673513288 2668.6138248307893),2
POINT (-1106.2133466789576 3071.2006289247247),1
POINT (-2336.6680768743454 2944.131846246696),1
POINT (-1239.5350994511268 3613.8443250960777),1
POINT (-1316.6175407308417 3499.027828712918),1
POINT (-1118.8165409554526 4455.550009307006),1
POINT (-865.5591999060624 4591.844069798391),1
POINT (-1958.7446803223008 4312.822451826964),1
POINT (-492.3455503984849 3564.4448182732913),1
POINT (-1692.1660060650574 3861.239056918094),1
POINT (-1761.080407146574 4254.025909983129),1
POINT (-2198.196453374827 5139.539422528145),1
POINT (-262.8906298469819 5040.882374394332),1
POINT (-1691.626394078734 3863.0742606106055),1
POINT (-2353.267386382716 5195.792884922464),1
POINT (-1710.7423228864238 3755.2547054832744),1
POINT (-1674.0198778863198 4251.949560668913),1
POINT (-3301.5675417783814 6176.674055311231),1
POINT (-2096.355809334171 3273.776021084338),1
POINT (-1683.9171342723998 4175.88371449955),1
POINT (-1972.7785531551633 4697.074711913737),1
POINT (-2157.5822314670963 5270.332397871982),1
POINT (-862.1562431984945 4581.976305379361),1
POINT (-1615.674227121167 3874.6985860194022),2
POINT (-1104.2378264885429 4913.034011857987),1
POINT (-1953.1834540186235 4248.12090997411),1
POINT (-1510.3148846332235 3809.141331791358),1
POINT (-2337.2899102244255 2971.4170585962106),1
POINT (-3261.916712192128 5474.435919637989),1
POINT (-1997.081951666423 4184.067875693421),1
POINT (-1699.316545890273 3865.483427035357),1
POINT (-751.6089898543096 5438.682124418379),1
POINT (-2236.5028396421735 5192.941059504657),1
POINT (-2090.798249689286 3678.692931908172),1
POINT (-2316.8153561706335 2994.2951367600026),1
POINT (-647.3969621312621 5352.55991467202),1
POINT (-2183.7224067514167 5118.566941582719),1
POINT (-2247.70004515053 5199.06241707758),1
POINT (-2259.5931068708887 2675.584611574717),1
POINT (-1670.7806769019578 4248.573604370731),1
POINT (-1099.4964636673494 4466.941850849037),1
POINT (-1112.2222080610272 4478.701997927602),1
POINT (-1616.3075320252801 3896.61296602796),1
POINT (-3044.153881078147 5936.2823747088205),1
POINT (-225.42685924709704 3863.6701308373295),1
POINT (-1685.0807101079752 4177.3803864475285),1
POINT (-1622.9098480245482 3877.2506614871154),1
POINT (-2202.812725102934 3449.739535312872),1
POINT (-3854.889290847244 5564.53069220156),1
POINT (-2473.037829753594 5879.612077118106),1
POINT (-2709.5276673102453 6718.308320583703),1
POINT (-1102.46161691076 4461.025537796421),1
POINT (-499.20729005288234 3544.0166660508094),1
POINT (-1688.3235480266098 3890.8691938092384),1
POINT (-1020.9014418824669 3720.5057617950456),1
POINT (-2148.775108729663 5247.354100633723),1
POINT (-3202.8272737362554 7148.5314328992845),2
POINT (-811.1196055462547 5053.198630617026),1
POINT (-1537.3199543369299 3814.2726991708014),1
POINT (-2247.65487365506 5105.719338215662),1
POINT (-3323.7189078331407 6186.221273043097),1
POINT (-1765.6902595136892 4380.950193211329),1
POINT (-1063.6047304911226 2912.0056820197597),1
POINT (-994.5747002979143 4741.296341031029),1
POINT (-2484.683711474812 2500.179201388168),1
POINT (-2243.66749949008 5274.119637782862),1
POINT (-806.731251026105 4764.303020615806),1
POINT (-3089.2246463110305 6275.194231612356),2
POINT (156.81864446028183 4758.647420372665),1
POINT (-1596.9063320261325 3890.810929096625),1
POINT (-2352.3187284343085 5202.514165761503),1
POINT (-1102.4207636750407 4467.718834563965),2
POINT (-2370.904213366323 2953.6817668132444),1
POINT (1636.5740476806636 4229.983659496731),1
POINT (-1530.6320212339162 3805.5963669680204),1
POINT (-1973.8946299831887 3877.2401465154758),1
POINT (-2238.3322777276244 5263.310947487116),1
POINT (-1983.92361253025 4371.544554578487),1
POINT (-1690.7059473467812 3877.9020767103443),1
POINT (-808.6432786373358 4782.7266213731045),1
POINT (-2222.0754599055062 5274.711376217164),1
POINT (-1705.0915363868353 3858.5697536963703),1
POINT (-1400.9494345507308 4273.1218099121315),1
POINT (-643.0892646795231 5922.7437081704475),1
POINT (-1613.0059318455887 3898.573860430797),1
POINT (-1082.1517112343367 4903.997861987665),1
POINT (-1410.709113833228 4449.786452742794),1
POINT (-1709.4365839348538 3857.9992115117825),1
POINT (-263.0843834863954 4848.032661386955),2
POINT (-2196.7866365515006 3469.5430976750367),1
POINT (-495.5539452622391 3564.1874175287785),1
POINT (-4019.466919085151 6958.454878430886),1
POINT (-2619.2589823419485 6880.244418253359),1
POINT (-1792.7490930534043 4576.719975743418),1
POINT (-1092.1132308236133 4480.78199031068),1
POINT (-693.2489682580422 4965.058534900538),1
POINT (-1525.2237523864228 3830.1067656061455),1
POINT (-1688.3057636597248 3875.6864482098226),2
POINT (-1705.8033811720895 3854.2126832756703),1
POINT (-3101.8650186177815 6617.408504396989),1
POINT (-470.44884605870436 4845.851834971396),1
POINT (-1704.9571803170782 3865.06477084026),1
POINT (-1085.3312475748262 4441.541383344765),1
POINT (-1360.0699368032374 1609.1538779590007),1
POINT (-833.2933462643527 5828.664401372353),1
POINT (-2156.4878565323716 5268.662588702519),1
POINT (-3209.24367109056 6542.9619996238225),1
POINT (-263.4281546006592 5024.881533517903),1
POINT (-660.7545424999677 5931.544427581432),1
POINT (-236.43864444038616 3865.646509099467),1
POINT (-2242.185592837724 2586.3216018243784),1
POINT (-2134.427761720515 5265.774753373798),1
POINT (-3314.207857287362 6150.884460654228),1
POINT (-505.8289845340685 3551.7174799336663),1
POINT (-2207.06167582333 3457.0731600799245),1
POINT (-1977.843909506594 4384.483955141635),1
POINT (-3310.6889234984483 7165.582556070019),1
POINT (-1724.2489695823829 5922.107722950675),1
POINT (-219.708338275155 3874.3012173054253),1
POINT (-1764.6905128741935 4257.914792375076),2
POINT (-1712.8887712795363 3865.4843984832896),1
POINT (-2340.7732556181304 2944.7277643072334),1
POINT (-231.93381288577726 3868.435180371256),1
POINT (-2201.776120299991 5115.189335058318),1
POINT (-1954.036737401531 4298.030445154548),1
POINT (-3737.7124388970847 5250.28174291704),1
POINT (-1695.821290454147 4254.762320143031),1
POINT (-1596.707769476641 4250.386527990865),1
POINT (-1615.0538913772498 3878.6150625728087),1
POINT (-882.4611211922202 4183.972476249105),14
POINT (-532.5006217324368 4096.553618099159),1
POINT (-1035.5523225427685 5211.285344317795),2
POINT (-817.3781851369307 5250.568212544289),1
POINT (-3399.5562344822765 6101.525601084144),1
POINT (-225.8593044295342 3863.314141536073),1
POINT (-1968.158247699995 4017.949768513943),1
POINT (-2158.7980972459454 5257.105863607733),1
POINT (-1737.924812329188 3688.8359198536705),1
POINT (-3303.392642956201 7144.399306259736),1
POINT (-1970.3554638267615 4033.443715601267),1
POINT (-228.0565205563007 3878.8080886233965),1
POINT (-269.39178746661855 5033.70830851489),1
POINT (-3334.5097347198625 5315.440578670797),1
POINT (-3265.0080636610346 6466.646411469766),2
POINT (-1600.59536747128 4157.285245033352),1
POINT (709.3522760776962 4411.202745692064),1
POINT (-1725.312917270212 5918.648059614843),1
POINT (-3898.045375098749 5960.624840116964),1
POINT (-1094.21346581806 4463.625531280675),2
POINT (-1765.8837706857219 4386.320665690649),1
POINT (-744.469872203581 5856.051142926449),1
POINT (-2004.5094611273432 5283.9541392426445),1
POINT (-1887.014667431919 4573.030953174514),1
POINT (-1704.36388235409 3869.42284583849),1
POINT (-1693.8247740657348 3870.77900319486),1
POINT (-1583.241606751104 4169.283796405102),1
POINT (-3807.5752021978424 5758.558100408462),1
POINT (-1517.6697840534541 3808.36547994281),1
POINT (-460.7419441829891 4839.358144808057),1
POINT (-1535.5060745656376 3810.1246356171964),1
POINT (-478.57823469517257 4774.77453562886),1
POINT (-2231.551636154529 5094.893611490335),1
POINT (-1521.2167168363997 3803.4469724454743),1
POINT (-249.30812475226838 5036.258183515378),1
POINT (-3461.1592399052406 6791.3275591768215),1
POINT (-3213.3441086538223 7147.7384740635025),1
POINT (-1675.349175643068 4250.2140688078825),1
POINT (-1603.1793340005167 3878.442603389826),1
POINT (-1714.6204791134103 3852.8354354431235),1
POINT (-1511.9869895654476 4245.62228850816),1
POINT (-1677.7407737800065 4184.57704540928),1
POINT (-724.5526441382893 3657.8056469348953),1
POINT (-265.9411733460916 5032.0572084006335),1
POINT (-3331.0591205993355 5313.78947855654),1
POINT (-3523.6844806283225 4896.359010547281),1
POINT (-2360.862381465382 2659.99925222098),1
POINT (-704.2188523038778 3643.0760194079353),1
POINT (-3358.0343658645857 5895.094488270512),2
POINT (-3385.875398890221 5924.15973572915),1
POINT (-640.5975626743954 3641.9889299584192),1
POINT (-623.1947474813447 3715.929829825936),1
POINT (-3062.471916646003 5936.38410093082),1
POINT (-3807.5455421348424 6329.793845200332),1
POINT (-1399.156707012634 4684.288875338637),1
POINT (-3149.7386639684155 5921.552383604545),1
POINT (-2896.3415601192723 6509.145743435286),1
POINT (-3530.7461464715525 4890.471021346272),1
POINT (-1032.5715012678202 5928.329482451968),1
POINT (-3197.724731840357 6483.787434832958),1
POINT (-238.089100257617 4853.136230408413),1
POINT (-2919.131454128902 6455.345579271677),4
POINT (-2578.6752982982907 6379.332673831537),4
POINT (-2436.162881473775 6231.019216148948),1
POINT (-721.0907234093722 3658.2964727434064),1
POINT (-3891.732132988512 5978.907276988664),1
POINT (-3246.10156673337 5426.103344681935),1
POINT (-2527.783995047869 6787.308598826727),1
POINT (-3068.190500493718 5942.002376523721),1
POINT (-3735.5448025778314 6556.034567476572),1
POINT (-238.96894405593758 3891.6445547242233),1
POINT (-289.7162579466306 5139.58130861615),1
POINT (-1981.0615602404691 4686.767737492709),1
POINT (-758.8909127677605 5469.95247648337),1
POINT (-668.7524318215658 5846.298897000955),1
POINT (-700.8147352499642 3664.103100726685),1
POINT (-2371.9209343639263 5891.861782109639),1
POINT (184.97978294884368 4785.996324968046),1
POINT (-3524.3367855828865 4886.621122298063),1
POINT (-3968.833842514842 5481.069297801253),1
POINT (-757.4719697109808 3987.164883773207),2
POINT (-764.5094277317573 4006.298042055619),1
POINT (-220.80965146114082 3892.4088281421195),1
POINT (-3726.8653568062264 6557.723418422986),1
POINT (-3728.4231429314855 6360.352163500973),1
POINT (-219.85924182149566 3892.919416225985),1
POINT (-453.4124228004402 3622.937989505776),1
POINT (-72.87525947361024 1525.285329412554),1
POINT (-821.7863416526454 4318.041853961437),1
POINT (-1647.8459816469667 6139.731908452243),4
POINT (-1636.010670564606 6188.969646246565),1
POINT (-3349.1371016529415 7524.95449526654),12
POINT (-3448.677035442108 7838.8078592746115),1
POINT (-3781.629148756241 6370.184338794776),1
POINT (-1996.888408768961 5287.702038763071),1
POINT (-3516.176853103959 4872.202262312149),2
POINT (-3249.8161574545807 5480.511569980857),2
POINT (-1512.1692594026147 3816.638585527363),1
POINT (-512.5015113320867 4290.460202125975),1
POINT (-665.8450793257592 5847.898029995306),1
POINT (-508.1269104463475 6307.584421447018),5
POINT (-653.5815295475065 5910.926898405475),1
POINT (-3826.0622286226526 6382.624767689634),1
POINT (958.6925616686889 3998.5399127900987),1
POINT (-630.9714181547238 4290.371526657824),1
POINT (-3386.7881258168136 6112.043723785161),1
POINT (-3796.990834309788 6373.611862578524),1
POINT (-1606.5532807315587 3877.862552184005),1
POINT (-249.33887694506367 4692.98635869985),1
POINT (-4233.524480421785 5367.960831846991),1
POINT (910.9308224300952 2096.2830602085164),1
POINT (-3728.233569301423 6551.7593581984165),1
POINT (-3464.5550365204194 7828.647455739183),1
POINT (-3304.823366229128 6160.024911592868),1
POINT (-1536.3422159509266 3812.2143492133555),1
POINT (-1947.5621382326344 5277.401656371045),1
POINT (-1.7038042828217366 3583.6997279488023),1
POINT (-3823.112494485351 5757.006432592178),1
POINT (-1473.0375691845145 4467.627383896389),1
POINT (-3557.230401554206 6098.857988629648),2
POINT (-818.5071621756414 4315.042116863752),1
POINT (1822.5240082402997 4341.178615511316),1
POINT (-497.9142581915998 5932.846782489951),1
POINT (-3560.9861679994237 4915.207055975657),1
POINT (-3201.5087024759678 6499.672239384406),1
POINT (-2385.4385189250543 5868.6965961385),1
POINT (-632.5834347706674 5346.5432815728),1
POINT (-77.41408175849402 3492.9670760851336),1
POINT (-2835.9398152151775 6649.969513015163),1
POINT (-3808.256201869782 6322.171114418166),2
POINT (-3222.596809625788 6154.999332253294),1
POINT (-3477.982924954361 6864.830107572469),2
POINT (-170.81690853848255 3782.451043980553),1
POINT (-1608.7410324211664 3878.204741278105),1
POINT (-1524.9319421374519 3806.9837528970156),1
POINT (-1744.0654673447502 3678.495623964854),1
POINT (-2020.498045307293 5269.500755917023),1
POINT (-3384.8789044298765 6119.680055786452),1
POINT (-658.5732723272222 5907.877185698387),1
POINT (-754.5794219909078 3996.751464558684),1
POINT (-498.97812687498964 5921.634540113668),1
POINT (46.208809879022134 3460.247555238258),1
POINT (-612.0719318144352 4275.936160441567),1
POINT (-3560.1966398714285 4915.779178447785),1
POINT (-3894.1751109411416 5980.423657564919),1
POINT (-279.32422568126896 5134.834006597223),1
POINT (-263.11339567694444 5034.994359258546),1
POINT (-1275.1300647040532 5234.196472058202),1
POINT (-3178.5513425595723 5824.714266838579),1
POINT (-782.0777513735113 3989.4570101535087),1
POINT (-513.8837490856671 3549.086737263385),1
POINT (-2510.049954412207 6779.656082938719),3
POINT (-23.665466176792744 4413.051833654614),1
POINT (-501.7547841170375 3604.9371095466095),1
POINT (-583.8815119472166 6380.0419377590715),1
POINT (-1937.659632199538 5282.221357517689),1
POINT (-264.51829067787355 4971.899748431787),1
POINT (-3171.6367973194874 5824.906979870254),1
POINT (-3406.3861894783836 5156.77696647165),2
POINT (-3364.2626672590086 5269.637930224954),1
POINT (-257.8642166492479 5030.61500433037),1
POINT (-1608.45605877468 4914.969006718104),1
POINT (-2006.5418958863424 5279.064109817153),1
POINT (-3409.1418665848596 5927.283838639176),1
POINT (-180.66962008246068 3803.7757491703273),1
POINT (-817.3422713725962 5236.845304905742),1
POINT (-1599.8630288229635 3882.453361529545),1
POINT (165.9018666944367 4785.290111277072),1
POINT (-100.02353737703987 3576.9071575143835),1
POINT (-222.84094308191223 3892.927158897646),1
POINT (-2989.208227693435 6217.4905647397745),1
POINT (-3833.486258970164 5506.669709232873),1
POINT (-3578.4703410389902 6180.93289865317),1
POINT (-3837.380580783703 6371.4903899007695),1
POINT (-1610.6711543569747 3900.5376197903356),1
POINT (-3151.8081528722414 5921.3912424167365),1
POINT (-253.15774756050087 5016.631204253596),1
POINT (-362.6428064948931 5254.189631258296),1
POINT (-494.1270376569047 3542.053038723723),1
POINT (-1536.1066519273945 5610.237234742129),1
POINT (-676.8376767151401 5930.374060439889),1
POINT (462.0061211139331 4443.447930097371),1
POINT (-3247.2735622784776 5478.491195687867),1
POINT (-3839.6378208899737 5799.100642064883),1
POINT (-3269.737745719882 5472.863932640519),1
POINT (-3576.889683004098 6188.526028744332),1
POINT (-4124.192423540323 5649.194283054822),1
POINT (-656.1930712729868 5904.726388965254),1
POINT (-2398.6430407981034 5864.346521511627),1
POINT (-2998.280415606667 6190.6546157793955),1
POINT (-3917.7933164300875 5958.249789509067),1
POINT (-3076.265507879355 5920.248353192508),1
POINT (-211.27308662352715 3881.442594045346),1
POINT (-3465.522503983665 6859.66312467438),1
POINT (-644.949398754268 5864.969009827369),1
POINT (-2476.9839014088598 5896.3509202956375),1
POINT (-2857.955793665858 6673.731974208819),1
POINT (-3219.8383221794807 6497.488807075009),1
POINT (-258.730509481439 5033.436419653311),1
POINT (-670.1369484466592 5924.666660916568),1
POINT (4.687651759314593 3590.917329801112),1
POINT (-1817.0844817029356 6221.727021204116),1
POINT (-263.84854356994106 4694.364952397037),1
POINT (-2159.204573599384 5856.260366705141),2
POINT (-740.5029748398389 4006.33646327556),2
POINT (-2613.1823829134737 6503.459041698224),1
POINT (-1658.8521050369468 5622.009329435063),1
POINT (-3262.8726598545513 5472.9683144739265),1
POINT (-3206.307980477691 6489.141809049682),1
POINT (-3565.785446001147 4904.676625640933),1
POINT (-544.6504402059403 5921.404114173554),3
POINT (-421.16859071671325 5859.343492021353),1
POINT (843.8462949747056 2169.7836899946674),1
POINT (-262.7866326261462 5033.256243574252),1
POINT (445.42371920899706 4453.425471620347),1
POINT (-2103.4410354617266 5808.314597887445),2
POINT (158.42238503548967 4763.677729768287),1
POINT (-653.8614914661872 3631.3877320792903),1
POINT (-3813.9991785224597 5145.444503726515),2
POINT (362.74012449221857 5039.261611489124),1
POINT (-335.60342950976053 3685.8869634729567),1
POINT (-1282.378671986311 5251.528430280955),1
POINT (-3058.82177590987 6297.571411907857),1
POINT (-1655.9701994015838 6197.7203040193135),1
POINT (-1321.9107595333644 5827.720807987865),2
POINT (-3536.0719279891114 5581.544729623695),1
POINT (-261.8891844520707 4862.341331048656),1
POINT (-272.24414737858353 5031.485651587463),1
POINT (-2922.5889533950112 6498.841510406453),1
POINT (-1531.1679115275083 3802.0284755454163),1
POINT (-752.2403703308936 3995.1022653909563),1
POINT (-330.7160045256493 3671.027183040658),2
POINT (-257.9816488632506 4693.5979053113015),1
POINT (-3967.304254035131 5080.8437651364175),1
POINT (-3526.81620635419 5589.81178923473),1
POINT (-412.3240449257163 5852.4942491219035),1
POINT (-2629.6666536478024 6291.520901708724),1
POINT (967.5091912468331 4005.154805172982),1
POINT (-234.243137788133 3883.0999271251517),1
POINT (-4161.658284766696 5381.469375934151),1
POINT (-3795.812180768603 6358.738130299985),1
POINT (2026.7076278310253 4133.21883176659),1
POINT (-2075.731181053991 3651.4496457657992),1
POINT (-222.51502254209998 3878.8926504694377),1
POINT (-2395.0055165241056 6227.822284389149),1
POINT (-1906.6139522938797 5302.156976305576),2
POINT (-3266.5053019497345 5411.709928958455),1
POINT (-3477.1190209970127 7830.753415460629),1
POINT (-584.7634098954691 5947.200192559448),2
POINT (-3109.432462639252 6634.510958732249),1
POINT (-1636.8723427067264 6079.251145856186),1
POINT (-489.2929700256933 3599.31000651671),1
POINT (-2642.0696902689556 6298.803554742985),1
POINT (-1314.7314223018052 4426.564579611496),1
POINT (-1049.146014495698 4261.254326130012),1
POINT (-629.792170589468 4253.699528814391),1
POINT (-410.22833483815924 4140.976206221658),3
POINT (-3788.4365520229044 6321.112276716914),1
POINT (-3314.182081507118 5310.112682834538),1
POINT (-1792.1128573348808 5852.876804237393),1
POINT (1122.0188867009601 4372.858271426755),2
POINT (-3147.974250765673 6622.68766898617),1
POINT (-3356.0207732980016 5321.669039737779),1
POINT (-593.0420150338041 6074.3760884617195),1
POINT (-179.0453884571658 3792.698272174129),1
POINT (-3809.3896194796953 6368.492570103607),1
POINT (-782.8905310061416 3992.5134090611436),1
POINT (-3589.119754704547 6809.829648128866),1
POINT (-3389.0663059732633 6103.41045979951),1
POINT (-3243.993269315782 6127.8699068668675),1
POINT (-1997.8672790009623 5275.555993612156),1
POINT (-1511.9728292711302 3807.062557163295),1
POINT (-1409.3290080520196 4662.189297858006),1
POINT (169.1698563576079 4777.190401984845),1
POINT (-3345.773357456328 5581.479157341096),1
POINT (-505.2160348980714 3602.182770510718),1
POINT (-2993.752964011202 6192.911808424057),2
POINT (-2383.533511193669 5891.225256461442),1
POINT (-2613.859761467608 6555.415890072485),1
POINT (-738.3517536166928 5854.349279030773),2
POINT (-124.52436573832357 3975.084811292345),1
POINT (179.47290537136692 4768.0102800604545),1
POINT (-1600.040446501424 3883.3670377085145),1
POINT (1383.6879528994941 4821.151381978566),1
POINT (1509.076913208807 4301.560312797155),1
POINT (-1645.6597715712758 6177.79886142168),1
POINT (-625.5104022533317 4277.270229400597),1
POINT (1377.9714679658653 4815.722876970333),1
POINT (-3454.432434299533 6777.454712949059),1
POINT (-3268.9008750258886 6443.851110926178),1
POINT (507.44297339990607 1371.5155304788693),2
POINT (-2614.6545661902214 6536.66142909303),1
POINT (619.8394690912536 787.3715061500633),1
POINT (-2024.1441636230597 5284.218764854798),1
POINT (-633.7212049725229 5178.534725064901),1
POINT (2138.155948202091 4840.05126099472),1
POINT (-3061.9185889816304 6275.075594734266),1
POINT (-247.46561432110357 5031.234713324105),1
POINT (-3192.799946843738 7164.074544663925),1
POINT (-1603.3685236356844 3900.307002297935),1
POINT (-3252.165621711404 5428.847575269232),1
POINT (-330.2603166435059 3686.2783822566425),1
POINT (979.0549511463001 3994.8615937569652),1
POINT (-3259.9730629788046 6440.68489218534),1
POINT (-3735.9422603255816 6558.905544937944),1
POINT (-3533.7946786301036 5580.1160907764),1
POINT (-3030.740450677877 5946.284119853384),1
POINT (-4439.364570655227 7388.456588507835),5
POINT (-4576.842600777946 7235.9920524275),1
POINT (1132.8453468169039 4372.268554049141),1
POINT (-502.95947308689074 3559.9588389815735),1
POINT (-7.349494439991838 3590.5911336604477),1
POINT (-4579.353296529987 7249.023730160305),1
POINT (-877.7067793106279 1558.2097564607955),1
POINT (-642.1881618576853 5924.467407497007),1
POINT (-1037.028201785685 5751.6971339200745),1
POINT (-656.5130660822064 5907.053629946342),1
POINT (-3048.01497298966 6281.047686454137),2
POINT (-2713.6831458999513 6717.155666232161),1
POINT (-490.9218680418509 3551.078448014885),1
POINT (-1287.3491783026525 5236.960859560035),1
POINT (952.1021040518372 3980.50025619818),1
POINT (-630.7868180557779 5363.051046242808),1
POINT (-3399.3229117910487 4826.167793855674),1
POINT (-3909.0049430216104 5973.679515213364),1
POINT (-775.4316301564622 3997.785442979491),1
POINT (-642.4486280585758 5917.201709304402),1
POINT (354.72148868970515 5036.215574161836),1
POINT (-3515.016785662214 4886.281492235342),1
POINT (-1738.482991207535 5932.7403027484415),1
POINT (-2641.539207886509 6610.1876841872845),1
POINT (-1267.8405721556787 5238.819929991719),1
POINT (-747.2863181076772 3998.327474375358),1
POINT (963.1814850332388 3981.585668199657),1
POINT (-1043.7187843417978 5764.542796754934),1
POINT (-2608.9036954057638 6542.23062176084),1
POINT (-3795.4913082929675 6365.788906130369),1
POINT (-2913.8190002281453 6513.194756581224),1
POINT (-2614.1199661247683 6532.181503169568),1
POINT (-516.1459636116624 3552.019055363655),1
POINT (-266.2712106472979 4702.062701725469),1
POINT (-648.117784149506 5937.63771534991),1
POINT (-1505.8735506885573 4757.466193572201),1
POINT (-1282.305599946501 5245.758071431052),1
POINT (759.4690308299085 1730.793681995492),1
POINT (-285.1499020080993 5121.672903842161),1
POINT (853.2036023762264 1549.2354450689804),1
POINT (-3276.867536190096 6448.64394253268),1
POINT (-3805.381332764864 6363.998955710435),1
POINT (-594.1819745801608 5925.930884290046),1
POINT (1265.5947789074503 1238.0169076256582),1
POINT (-3295.1881047944357 6151.334032781488),1
POINT (-1597.4375361792625 3884.2455682345258),1
POINT (-734.7769628185724 5475.7588462539325),1
POINT (-169.62199843860722 3705.7451986727774),1
POINT (-3689.5146316715504 6536.900534849505),1
POINT (-3706.750484206625 6542.759705091621),2
POINT (-405.55189318346135 5849.57203686528),1
POINT (-3367.2902723115503 5250.6470579838),1
POINT (-654.0947837468926 3629.5451112512046),1
POINT (970.2757116716812 3799.886358697674),1
POINT (-1288.6080197608417 5246.718661748034),1
POINT (-3733.259699434546 6345.547999105552),1
POINT (-233.91946070276265 3878.0503545625384),1
POINT (-3927.8812466218415 5561.144191840228),2
POINT (-3797.211468373537 6377.789685521459),1
POINT (-2725.27965547024 6727.517469806148),1
POINT (-3039.238477171517 6282.433896963246),1
POINT (-3205.1367679379928 6491.257279594133),1
POINT (-3362.254549891526 5311.482665864302),1
POINT (-1666.3886980897407 1626.8412756593575),1
POINT (-3241.550563660536 5490.963355575297),1
POINT (-745.0363821363751 4014.7411346929603),1
POINT (-3217.194888970239 6475.955484416717),1
POINT (-3670.8704195274504 4800.67362049307),1
POINT (-267.9142203140119 5014.448600530979),1
POINT (-3099.278392213595 6641.545523399027),1
POINT (798.5883678150275 1272.7012529204824),1
POINT (-4584.240032205744 7465.838494323158),1
POINT (-1046.2766735727275 5761.360212617031),1
POINT (576.092524941577 3621.007559174736),1
POINT (-4010.3611907709446 6960.708567610258),1
POINT (-755.4102617664785 5443.241965373293),1
POINT (-3578.37621482657 4917.17907347268),1
POINT (-268.29205165233043 5012.1387001099365),1
POINT (-753.9404192101748 5463.993652445441),1
POINT (989.5310628324391 3751.9742413256517),1
POINT (-3193.6998875710497 6673.2355397843685),1
POINT (-3794.1090410783936 6371.6431581273855),1
POINT (-3486.13881822633 6869.985925625161),1
POINT (-231.88940086619198 3891.7653949961277),1
POINT (-1540.6939232142856 5911.2043933891255),1
POINT (-99.32475527727685 4694.207141701719),1
POINT (-1508.6027856408086 4259.5666879032215),1
POINT (-3804.818311023844 6369.224816571783),1
POINT (-3204.9409768396263 6481.2787007530005),1
POINT (-81.98563314149668 4696.507453579947),1
POINT (-4003.4357569834997 6625.568455963089),1
POINT (-3094.182979001201 6270.448073685929),1
POINT (-3909.6139528884823 5961.3321677053045),1
POINT (-4159.75601073128 5369.918330366932),1
POINT (-222.12754544553636 3892.254972129915),1
POINT (-696.956222213578 3646.4118397142333),1
POINT (-346.3703247450326 3681.5153059682584),1
POINT (-273.93395926169393 5025.335708881982),1
POINT (-1288.4897479134727 5247.248981848683),1
POINT (-3809.640635863275 5919.434822113242),1
POINT (-2489.914445678449 5878.778513497847),1
POINT (-262.370056412207 5019.1952301764895),1
POINT (-3848.946184398447 5500.725430489333),1
POINT (-4600.098104010539 7084.096727467351),1
POINT (-3468.056158227917 7840.000027777424),1
POINT (-3748.1824827871383 5155.475287488955),1
POINT (-3613.2607543903823 6878.185138837309),1
POINT (-246.73244375523132 5039.957963186063),1
POINT (-4415.589720547536 4926.325913845737),1
POINT (-3555.7129668680886 6719.386407328088),1
POINT (-3762.24208417547 5268.1560950313),1
POINT (-4128.8905060003 6800.748130967522),1
POINT (-4040.7493465707084 5466.22194848517),1
POINT (-3736.3150600639624 5266.363096304957),1
POINT (-3975.234291594639 6635.346901012009),1
POINT (-3216.763162282129 6494.77978322304),1
POINT (-3084.0008388266892 6629.058944506652),1
POINT (-3875.452973808743 5602.654975348935),1
POINT (-220.66735443445882 3869.7942683310466),1
POINT (-3428.132911574583 7819.936624119474),1
POINT (-1234.310832374475 3735.7379456710664),1
POINT (-4122.379445834429 6791.816996179428),1
POINT (-3487.5247938756265 6851.24650508591),1
POINT (852.6262322890902 1548.3399721995982),1
POINT (-4041.233248773596 6552.190399396847),2
POINT (-1417.6539308440304 4448.428133826793),1
POINT (-274.3848484804505 5027.6051557335795),1
POINT (-4611.272672395495 4634.197392219182),1
POINT (-3591.0080404634145 7288.1296742223785),8
POINT (-3728.1318853880666 7030.104223372108),5
POINT (-3756.8368775026856 6611.945057662033),5
POINT (-3741.434856646964 6194.0271620276335),5
POINT (-3793.06806312091 5779.755339063234),5
POINT (-3775.559388516799 5361.198513895058),3
POINT (-3887.968735102565 5029.808628348397),3
POINT (-4191.548429554687 4882.44988733869),1
POINT (-3126.6558850776014 6619.730515466818),1
POINT (-3440.1670012379514 6750.025307976223),1
POINT (-3364.558910561772 6434.46587870912),1
POINT (-3796.3451635243814 6323.834099789594),1
POINT (-260.6827826665797 5019.1917142689335),1
POINT (-908.1914666711806 4861.74678294854),1
POINT (-2188.3224083975965 3337.2944155743166),1
POINT (-235.79741918287607 3886.4977899770447),1
POINT (-3310.042853913377 6156.857228255167),1
POINT (-1412.1604095351931 4443.327065766173),1
POINT (-3465.428426358966 6843.334514427992),1
POINT (-1994.8237629009163 4389.793246019357),1
POINT (-4147.508474265042 5603.351724756825),3
POINT (-4184.028754554261 5827.352069088189),1
POINT (-4007.9940903305965 6961.296258161568),1
POINT (-3222.8591047376585 6547.691875127639),2
POINT (-3256.621799640475 6463.662531404844),1
POINT (-3426.9222566644175 6416.928618499013),1
POINT (-3477.1099433716536 6446.837152627946),1
POINT (-3203.7390936527504 6634.017961709653),1
POINT (1178.218790586797 3681.6491440219893),2
POINT (-1409.2686404033814 4294.471600902964),2
POINT (-3917.2829579742324 5975.774313532007),1
POINT (-3299.722889347878 6334.167037066307),1
POINT (-4122.802148027972 6797.956288223226),1
POINT (-3143.904987873321 6629.784480844359),1
POINT (-3962.601411086998 7416.595041276404),3
POINT (-3891.647559435206 7446.7800038514315),1
POINT (-3311.0097958340316 6184.1795589974345),1
POINT (-3270.5414988759794 6438.211406786094),1
POINT (-3289.004520264399 6606.141169355152),1
POINT (-3195.468058427843 6649.65660517988),1
POINT (-3334.846201000356 7746.385602800074),1
POINT (-3717.3503676226032 5077.982640790586),1
POINT (-3963.2968064356787 6974.938751237639),1
POINT (-3686.0847071529056 7045.6056134714845),1
POINT (-3783.6626985428447 6375.976892305461),1
POINT (-3783.6626985428447 6338.848009423406),1
POINT (-3825.2691593577006 5762.324042461312),1
POINT (-3719.025508029339 6550.251498479744),1
POINT (-4530.863570531021 7424.274722411092),1
POINT (-3602.685165558807 6793.944683979548),1
POINT (-3675.235655917732 6929.73487850449),1
POINT (-3719.336861282394 6689.160576241841),1
POINT (-1354.079496842148 1604.1720443594788),1
POINT (-266.5906398559667 5019.36813120158),1
POINT (-3934.043408905449 5563.372482342226),1
POINT (-3089.133594308511 6616.642520120294),1
POINT (-3913.1610174656666 7224.771191976289),1
POINT (-2356.478058353106 2675.440215191947),1
POINT (-3554.2526697656076 6649.440467047524),1
POINT (-3316.44490379582 7524.04349451233),1
POINT (-784.267432658796 4936.373674673833),1
POINT (-3993.5199603218102 6564.5445462477355),1
POINT (-3443.863260094236 6776.19338015085),1
POINT (-1486.779509698837 4484.890332581627),1
POINT (-4167.038285776105 6551.2606944885965),1
POINT (-3207.834803941882 6486.482353686292),1
POINT (-3207.834803941882 6521.572982347071),1
POINT (1508.68272780857 4295.089539713224),1
POINT (-3303.905261472722 6155.4595545995335),1
POINT (-3470.575924770887 7851.521932949959),2
POINT (-3213.1581093336963 6178.9332225110975),1
POINT (-3198.816145612476 6502.433457826688),1
POINT (-3785.19785781405 6382.697842343665),1
POINT (-3834.133953397869 5811.273913427102),1
POINT (-1609.2068362576176 3893.365328773095),1
POINT (501.97690718242666 1374.3303918515703),1
POINT (-4590.0611407337865 4732.599488932738),1
POINT (-3223.807768090968 6105.127520350744),1
POINT (-4465.978675372998 5122.693436864033),1
POINT (-4004.824463086361 6564.168995770503),3
POINT (877.0299938066541 4404.887042954778),1
POINT (-1702.1337412299356 3865.064817016173),2
POINT (-1510.1094827073564 4487.389071527574),1
POINT (-706.2761037831118 5044.8830637089995),1
POINT (824.4596158807301 4202.437345821421),1
POINT (-3586.335139939231 6796.548292892987),2
POINT (-3225.5369237789178 6105.827312308327),1
POINT (-4122.666739648664 6880.946766055851),1
POINT (-261.23387562132757 5033.489640029871),1
POINT (-3557.5946939716455 6712.6492838288),1
POINT (-3726.919440940057 5154.304394421834),1
POINT (-3176.6381577144825 7745.982218631285),1
POINT (-3558.577409969012 6632.887953928777),1
POINT (-889.160363468202 1570.1817975616611),1
POINT (-257.19383322260006 5015.342013419136),1
POINT (510.5817395377109 1370.868651861271),1
POINT (-4386.315041137658 5048.952990331425),1
POINT (-3288.042898169547 7143.394568105608),1
POINT (-4316.405974217419 5070.299975368032),2
POINT (805.2995603995856 4194.114060009928),2
POINT (-4053.4589362734678 5619.29762458101),2
POINT (-4135.308776439956 5751.469107456164),1
POINT (-3146.6564101566223 6637.0556283723645),1
POINT (-4017.086909933993 5698.932526377664),1
POINT (722.0457328441847 1992.5394973926823),2
POINT (-2358.9730586451597 2676.6012219119857),1
POINT (-1989.8815599829743 4698.6341653962545),1
POINT (-4009.1135009245563 7430.231756156197),2
POINT (-3520.2622666172783 7366.792967204563),1
POINT (-3935.5795153763684 7418.757807402618),1
POINT (-4351.752963166161 7385.795028912338),1
POINT (-4584.18227926299 7063.426833077119),1
POINT (-3983.1719397138586 5507.17154320519),1
POINT (-3807.2611836590013 6380.453989150536),1
POINT (-3892.2328585798195 7200.960690451125),1
POINT (-4129.391502311383 7168.3154096091275),1
POINT (-3768.6463795968057 5182.806010875393),1
POINT (-3820.2730194635164 5794.6908318816895),1
POINT (-3791.307578689108 6367.667515622671),1
POINT (-3228.2608962873223 6115.930528776281),1
POINT (1539.9637268315137 4010.9259410759796),1
POINT (-1970.5503075764582 4374.780775711743),1
POINT (-4573.863075949347 4808.255198603331),1
POINT (-3665.4994343073313 7433.520512138324),1
POINT (-3245.328675773766 6121.295877974539),1
POINT (-4135.811558220808 6904.144972265494),1
POINT (-3843.330724540088 6380.762505364361),1
POINT (-4388.790597484053 7438.900167202743),2
POINT (-4430.269408344377 7623.541660025129),1
POINT (-3810.124280331229 6340.904387162214),1
POINT (-235.94149790941356 3872.6974739555535),1
POINT (-3829.3600564558274 5131.5497467723435),1
POINT (-3925.547415814433 5569.554962319642),1
POINT (-4050.4480968794396 5505.368957083411),1
POINT (-1586.6487633003874 4155.242980457711),1
POINT (-4215.474583220102 5752.058252352654),1
POINT (-3851.6386432484587 5493.319945599988),1
POINT (-2002.589191430016 4172.585357697067),1
POINT (-3566.876131035947 6702.20403237196),1
POINT (-4306.480370039885 5034.869270952049),2
POINT (-4514.046012195604 4732.002287130245),1
POINT (-4192.106816543167 5818.202161286745),1
POINT (-3696.2610555013316 5409.410409306443),1
POINT (-3763.246122738002 5269.568448372772),2
POINT (-3849.684858947064 5274.141406414394),1
POINT (-3724.9395758065775 6706.691111031454),1
POINT (-3109.236007236653 6638.11581341044),1
POINT (-4073.2360711579854 5384.400688043793),1
POINT (-3833.0071424746184 5804.291282438605),1
POINT (-4254.36203547277 7164.3313663377985),1
POINT (-3226.43908502088 6145.201272081149),1
POINT (-3908.392873616521 5959.082979939234),1
POINT (-3212.2673498597032 6556.49603928751),1
POINT (-3469.7860761295665 6694.908497035321),1
POINT (-4031.970699406911 5680.836164204302),1
POINT (-3217.497339901962 6474.566225288404),1
POINT (-4623.771627995435 5124.999631442174),1
POINT (-3307.2181140082275 7144.493328529262),1
POINT (-68.5133139457703 1496.2213086063541),1
POINT (-3625.2354846726407 6868.452084774919),1
POINT (-3834.1805921848068 5483.997361857737),1
POINT (-4239.279745841345 5072.514812630291),1
POINT (-3658.925156039225 6934.457096146528),1
POINT (-3683.5354597128594 5397.55492278761),1
POINT (-3311.7516086618925 6147.591301306999),1
POINT (-3729.2921803301006 6710.7789785837795),1
POINT (920.1652216289825 4286.3451841335145),1
POINT (-3701.403618348477 5394.979421410418),1
POINT (-1889.0154450620562 4545.040871086306),1
POINT (-3859.17300247305 5577.61667854678),1
POINT (-3249.345229964435 7214.831037646963),2
POINT (1504.7403954789993 4302.83574882121),1
POINT (-4196.480509607843 4895.394159486577),1
POINT (-4511.367673482791 4635.614282390129),1
POINT (-3557.4562509130797 6715.939289910816),1
POINT (-3210.376101218989 6498.286529997625),1
POINT (-3212.85016060686 6494.14057911247),1
POINT (-3807.431489816998 5935.374605276695),1
POINT (-1844.2274317849538 1738.5268467090034),1
POINT (-3428.1149238222674 7837.263766178668),1
POINT (-3825.343017772006 6361.889320431363),1
POINT (-2339.310665962687 2995.48442797056),1
POINT (-3204.034750731886 6524.070893517638),1
POINT (-4580.394387990906 4816.347830219906),1
POINT (-4417.245015439658 7602.355415629922),1
POINT (1173.5799538520791 3673.476522401426),1
POINT (-3684.4843188446143 7053.009974973157),1
POINT (-3733.85307541839 5920.220290515695),1
POINT (-4247.834683966655 7149.969306704537),1
POINT (-3203.1417220356707 6633.680614282754),1
POINT (-3711.9958256175482 6550.243237376129),1
POINT (-874.9378821246627 1547.462954530551),1
POINT (-3730.471718917803 6558.051250534337),1
POINT (-232.59696795022123 3871.5347920242552),1
POINT (-3844.398132481632 6361.403166980218),1
POINT (1683.0059023982146 4248.325536496353),1
POINT (-3220.5785091161433 6488.354558949962),1
POINT (-3753.3804345117424 5917.572117737348),1
POINT (-3800.8435162428163 6374.351421969606),1
POINT (-3214.461804041242 6564.268294774187),1
POINT (-3590.2980794130995 6181.582187268418),2
POINT (-3915.552874139838 5557.924210813502),1
POINT (-3728.400786699155 5170.591567407134),1
POINT (-4309.593150341714 5071.57820509219),1
POINT (-3203.473547980378 6558.20929364731),1
POINT (-3203.473547980378 6488.0280363257525),1
POINT (-3266.0408739307 6458.416280051314),1
POINT (-3735.4294676440736 5907.404021998446),1
POINT (-3592.939147189611 6548.555511942826),1
POINT (-3856.3064147702257 7044.116843257988),1
POINT (-3223.6326756405856 6203.786216463742),1
POINT (-92.50390134911156 1500.4488101290017),1
POINT (-81.13833697691345 1498.1062663886794),2
POINT (2127.116138274304 4838.059210015424),1
POINT (-4601.4574968595225 4645.288401941674),1
POINT (-3907.3062781938743 5980.382345050195),1
POINT (-247.18487494786902 5022.24961040422),1
POINT (-4010.9389031090454 5690.026433205856),1
POINT (-3208.8432529416896 6191.231133127642),1
POINT (-224.27128385376136 3878.9684433206935),1
POINT (-3971.448202338493 5155.295099027395),1
POINT (-1974.8840069322514 4044.7949286924627),1
POINT (-3221.330283700457 6476.813338949247),1
POINT (-3568.410433394548 6630.802375054001),1
POINT (1669.6804743879438 4227.716899881987),1
POINT (-255.50122003703174 5038.30880264298),1
POINT (-3781.4168247410194 5011.643450532744),1
POINT (-1706.5355089438558 5704.95317591239),1
POINT (2034.925846918406 4148.289813192065),1
POINT (814.2799524302352 4206.235581858619),1
POINT (2233.1240881346425 4571.347828587747),1
POINT (-3122.2532922137043 6630.513919254011),1
POINT (-3986.5977501994416 5143.111706033536),1
POINT (-4504.9223128867225 5038.13663307764),1
POINT (-3287.9859105645796 6336.385399483458),1
POINT (-262.8093739415375 5036.306496355035),1
POINT (665.4837382334836 3620.670154330548),1
POINT (-1674.7922626517193 4191.382652809883),1
POINT (-3744.8949635682175 5155.224183250484),1
POINT (-3676.849440437668 6936.563544171536),1
POINT (-3738.0765856076173 5250.560635786361),1
POINT (-1967.6596711364248 4241.3115940643465),1
POINT (-1524.7911017510248 3802.3320158815945),1
POINT (-4018.2136287666676 5698.776493465109),1
POINT (-4211.4443748655885 5746.171105081376),1
POINT (2620.028240309675 4044.56368757768),1
POINT (676.6452878809719 1589.2662912049052),1
POINT (-1787.5460526301517 4584.628741916007),1
POINT (-1112.4277211299568 4477.420799624068),1
POINT (-3204.472421760997 6644.090569828748),1
POINT (-3897.31103788444 5963.775098975357),1
POINT (-3211.558875773574 6161.764919913601),1
POINT (-1623.0397783890508 3872.301818191375),1
POINT (-3825.1177085605486 5789.637592830867),1
POINT (-217.34516661539428 3863.2902273075147),1
POINT (-3223.780950291545 6116.095882652284),1
POINT (-3194.541192984135 7213.091093857307),1
POINT (-3895.2462826624987 5974.052796722904),1
POINT (-684.7649265900072 5046.554645571818),1
POINT (-896.6689787539233 1568.3209284212646),2
POINT (-3325.4300578049183 6177.257001141334),1
POINT (-238.1391315918657 3869.476971213323),1
POINT (-240.5178127163376 3871.4519494048086),1
POINT (-1976.3142050532686 4021.5325365920603),1
POINT (-3756.1329358599464 5169.671150487714),1
POINT (-3143.7455545188036 6619.502969205943),1
POINT (-3209.1865001820297 6633.449629136882),1
POINT (-215.84902024377323 3874.978825394105),1
POINT (-3794.247501996507 5925.816841997316),1
POINT (-3551.738018883902 6696.142069947118),1
POINT (-3204.657869189811 6478.489310033927),1
POINT (2021.6555188213752 4141.842845279862),1
POINT (-3578.3954099818543 6187.319254938665),1
POINT (-1108.2464214960403 4920.696919985608),1
POINT (-1497.2058706321964 978.3110915491427),1
POINT (-1418.1155807588502 4456.839300117369),1
POINT (814.5339925814092 4101.1085187545905),1
POINT (-3937.216602879684 5560.90858896719),1
POINT (-1688.370367401189 1641.1182669373754),1
POINT (-3218.2311208149226 6508.533227329572),1
POINT (-3218.2311208149226 6473.442598668793),1
POINT (-1472.3331197342177 4480.125710160363),1
POINT (990.658407737146 4473.245993948449),1
POINT (-3389.8605896499735 7142.504036313241),1
POINT (-3924.7097182416783 5555.4956262644355),1
POINT (25.27879639800907 1256.4570061602674),2
POINT (962.2206222733749 3818.3374992115446),1
POINT (-3449.708660698953 6850.324852178917),1
POINT (-3861.2079592340287 7444.404782879035),1
POINT (-1346.2052731481 1612.9091021450095),1
POINT (-3786.6772847646725 6373.644109344326),2
POINT (-1278.0036550775478 5235.279150257189),1
POINT (-1611.7568073443035 3873.707551606585),1
POINT (-327.4399557807494 1800.9854101174237),1
POINT (-3439.897096958358 7819.546212542187),1
POINT (953.0282479526127 3985.1870898128827),1
POINT (-823.088775995259 4689.301563489601),1
POINT (-254.74209875631817 5033.354786864565),1
POINT (-4061.8450328739036 6654.68699901611),1
POINT (-2222.7879802025427 2587.8203200283433),2
POINT (-539.6127831935272 4301.692424041098),1
POINT (-3769.6541655895385 5169.656107132173),1
POINT (-3219.9113867327874 6477.711059432683),1
POINT (-3813.702782919816 5775.299282081943),1
POINT (-250.66778975622663 5024.230334070324),1
POINT (605.0157042367011 2558.365691986614),1
POINT (-1770.0444371606948 4254.708339673977),1
POINT (-1038.2341613754115 3696.6890925629405),1
POINT (-3212.907608398378 6476.375929084994),1
POINT (-3976.267374340514 5143.0985943527085),1
POINT (-2118.3320025487283 4177.503344707754),1
POINT (2199.8523676887808 5268.126362996234),1
POINT (-3730.9562941257122 6350.412769687471),1
POINT (498.19808674885326 1686.7974359495345),1
POINT (-1090.970261012007 4913.067964562761),2
POINT (-3224.115000142878 6496.395086768585),1
POINT (-3235.6171481404067 6162.692674618886),1
POINT (-3211.3336790574253 6570.333089563841),1
POINT (-227.51652651482968 3890.547841803297),1
POINT (-3209.3317740693265 6487.832188947207),1
POINT (-3220.833922066855 6154.1297767975075),1
POINT (-3824.3477179394426 5745.904329567969),1
POINT (-3914.250394920446 5963.70287210896),1
POINT (-3221.499850200707 6499.47467018199),1
POINT (-3711.6136784109544 6552.035664200709),1
POINT (-1579.8946491999689 4171.385649404132),1
POINT (-1345.37085641503 1609.3959673738802),1
POINT (-1099.1473597894521 4481.415745238449),2
POINT (1614.9198714543998 4216.591385736994),1
POINT (-512.8686223444848 3541.974618547752),1
POINT (-909.696599401348 1350.0485533884432),1
POINT (999.0040329266957 4454.925560556027),1
POINT (814.9741574863003 4210.187755662936),1
POINT (-3296.9592616081864 7170.962186950232),1
POINT (-3571.4787190053844 6714.6973141128865),1
POINT (-211.02911461147232 3875.024297508022),1
POINT (-754.7288908820889 3988.9135114215214),1
POINT (-2374.442802526931 2659.268335887407),2
POINT (769.9778872459137 923.477381251958),1
POINT (916.6689993834505 2093.787218831092),1
POINT (-3127.606203551679 6623.93137597644),1
POINT (-3862.0989834424167 5660.397480013821),1
POINT (-4144.870984494594 5082.987879204842),1
POINT (-3897.3705164185144 5971.499110822144),1
POINT (-219.96922006290836 3883.334362660446),1
POINT (806.5860264889284 4108.445829034211),1
POINT (-3218.9901530491375 6483.452315235723),1
POINT (-3750.6843172113586 5158.234268937821),1
POINT (-786.4121632690546 4862.882801709519),1
POINT (230.2481991245498 1108.976167331247),1
POINT (403.16152967543456 1025.6964917896094),1
POINT (-1496.2588926210124 4251.748915310947),1
POINT (-3696.455108349652 5418.258061418941),1
POINT (861.6157489214414 4401.428272431414),1
POINT (-3914.8412935327597 5953.597509864035),1
POINT (-3979.8564862521007 6613.985331944618),1
POINT (-3903.8303853217576 5980.7350107010425),1
POINT (-3874.60018423901 5664.578040277569),1
POINT (-256.0095879268012 5028.979447446786),1
POINT (-3963.7613858955388 6631.053449121493),1
POINT (1754.2589604810912 4019.6065806095503),2
POINT (-1604.926587090627 3889.5771197390654),1
POINT (-1780.238648919174 4574.898275340482),1
POINT (-1698.6979911948213 3868.561732092086),1
POINT (987.5278592537037 3799.0985306759057),1
